{"0":0.06687494367361069,"1":0.1573493629693985,"2":0.400329053401947,"3":-0.003836690681055188,"4":-0.022198377177119255,"5":-0.045207664370536804,"6":0.009979769587516785,"7":0.016838401556015015,"8":-0.00839828047901392,"9":0.030439188703894615,"10":0.02810598351061344,"11":0.09526382386684418,"12":-0.009693698957562447,"13":-0.004567524418234825,"14":-0.04509839043021202,"15":0.016178173944354057,"16":0.004821116104722023,"17":0.024148570373654366,"18":-0.0020922133699059486,"19":-0.005892920307815075,"20":0.0038599588442593813,"21":0.008765926584601402,"22":0.01595635712146759,"23":0.025324082002043724,"24":0.00271803280338645,"25":0.011387565173208714,"26":0.0406508669257164}