{"0":0.04054458439350128,"1":0.10804558545351028,"2":0.2630137801170349,"3":-0.005932724568992853,"4":-0.06253114342689514,"5":-0.14745646715164185,"6":-0.0011706339428201318,"7":0.030908361077308655,"8":0.005601922050118446,"9":-0.004001967143267393,"10":-0.034054968506097794,"11":-0.0500779002904892,"12":0.0024516850244253874,"13":0.026729324832558632,"14":0.025119267404079437,"15":-0.0018131210235878825,"16":-0.023437360301613808,"17":0.0008123470470309258,"18":-0.010082102380692959,"19":-0.0383271723985672,"20":-0.03602856025099754,"21":0.001409905613400042,"22":0.0008179335272870958,"23":0.00785747542977333,"24":0.002065485343337059,"25":0.008214237168431282,"26":0.026274794712662697}