{"0":0.03183633089065552,"1":0.035556189715862274,"2":0.0551055371761322,"3":0.003005938371643424,"4":0.0007864112267270684,"5":-0.009354972280561924,"6":0.0053096492774784565,"7":0.014374214224517345,"8":0.023283701390028,"9":0.0005385391414165497,"10":-0.009216656908392906,"11":-0.030381709337234497,"12":0.000394680566387251,"13":0.0021458833944052458,"14":0.0060972245410084724,"15":0.003998401574790478,"16":-0.001718529500067234,"17":-0.013218250125646591,"18":0.0046647475101053715,"19":0.0027565446216613054,"20":-0.0004090184811502695,"21":0.00007419903704430908,"22":0.002280805492773652,"23":0.005748602095991373,"24":0.00798271968960762,"25":0.008257173001766205,"26":0.010156788863241673}