{"0":0.07531055063009262,"1":0.17158688604831696,"2":0.41984647512435913,"3":-0.005226758774369955,"4":0.007667185738682747,"5":0.040625445544719696,"6":0.02322491630911827,"7":0.03869829699397087,"8":0.04133205860853195,"9":0.04703699052333832,"10":0.05563320964574814,"11":0.17989714443683624,"12":-0.0029128179885447025,"13":-0.008325538598001003,"14":0.0005125130410306156,"15":0.029114646837115288,"16":0.02458140067756176,"17":0.061658862978219986,"18":-0.0032811069395393133,"19":-0.001571626286022365,"20":-0.014190673828125,"21":0.007532894145697355,"22":0.019446738064289093,"23":0.03610783815383911,"24":0.0003034179098904133,"25":0.004037506878376007,"26":0.023964455351233482}