{"0":0.03190051391720772,"1":0.03416341915726662,"2":0.04934484511613846,"3":0.007128023076802492,"4":0.004206296522170305,"5":-0.005988210905343294,"6":0.011592761613428593,"7":0.015185097232460976,"8":0.017544658854603767,"9":-0.003834675531834364,"10":-0.011736975982785225,"11":-0.02550973929464817,"12":-0.00824053306132555,"13":-0.005293535999953747,"14":0.0031760800629854202,"15":0.0057448167353868484,"16":0.0005240731406956911,"17":-0.008078332059085369,"18":0.003821054706349969,"19":0.003088288940489292,"20":0.0015183489304035902,"21":0.0008278331952169538,"22":0.0016726597677916288,"23":0.004216504283249378,"24":0.008318406529724598,"25":0.00954514741897583,"26":0.010038699023425579}