{"0":0.06607747077941895,"1":0.1569914072751999,"2":0.4056742489337921,"3":-0.0044754683040082455,"4":-0.022362805902957916,"5":-0.041825275868177414,"6":0.009912356734275818,"7":0.020549751818180084,"8":0.005466235801577568,"9":-0.035773325711488724,"10":-0.035249013453722,"11":-0.10986696183681488,"12":0.010232643224298954,"13":0.007478284649550915,"14":0.0606810636818409,"15":-0.019892815500497818,"16":-0.005224592983722687,"17":-0.01767028495669365,"18":-0.004092765972018242,"19":-0.00850734580308199,"20":0.0022648407611995935,"21":0.008053763769567013,"22":0.01683599315583706,"23":0.029256226494908333,"24":0.0021139096934348345,"25":0.011653484776616096,"26":0.047329381108284}