{"0":0.0763203501701355,"1":0.17220349609851837,"2":0.4097444415092468,"3":-0.005598716903477907,"4":0.006783573422580957,"5":0.03520611673593521,"6":0.02638917602598667,"7":0.045450832694768906,"8":0.04915777966380119,"9":-0.0461212582886219,"10":-0.04813409596681595,"11":-0.15811240673065186,"12":0.0037122650537639856,"13":0.009487374685704708,"14":-0.00035507281427271664,"15":-0.031039483845233917,"16":-0.02233010157942772,"17":-0.053628675639629364,"18":-0.004220957402139902,"19":-0.0030555666889995337,"20":-0.017403341829776764,"21":0.006779984571039677,"22":0.017513899132609367,"23":0.03084787353873253,"24":-0.0006260700756683946,"25":0.0027355006895959377,"26":0.02061830647289753}