{"0":0.2462407648563385,"1":1.2132612466812134,"2":1.3787771463394165,"3":0.08575393259525299,"4":0.37333202362060547,"5":0.168868288397789,"6":0.34345942735671997,"7":1.888498067855835,"8":1.6484488248825073,"9":-0.011447379365563393,"10":0.007059451658278704,"11":-0.010072767734527588,"12":-0.006418260280042887,"13":0.05090600624680519,"14":0.07579629868268967,"15":0.019586995244026184,"16":0.0681949108839035,"17":0.08633244037628174,"18":0.10168818384408951,"19":0.6216838955879211,"20":0.4696085751056671,"21":-0.043698735535144806,"22":-0.243772953748703,"23":-0.21781116724014282,"24":-0.12472556531429291,"25":-0.6744521856307983,"26":-0.6168655157089233}