{"model":{"version":2,"nodes":[{"name":"RootNode","position":[0,0,0],"rotation":[0,0,0],"scale":[1,1,1]},{"name":"Cylinder001","position":[0,0.5,0],"rotation":[-90,-0,0],"scale":[0.0254,0.0254,0.0254]}],"parents":[-1,0],"skins":[],"vertices":[{"position":{"type":"float32","components":3,"data":[144.544,2.43033e-06,-19.6851,139.619,37.4108,-19.6851,152.114,40.7589,19.6851,157.48,0,19.6851,125.179,72.2721,-19.6851,136.382,78.7402,19.6851,102.208,102.208,-19.6851,111.355,111.355,19.6851,72.2721,125.179,-19.6851,78.7402,136.382,19.6851,37.4108,139.619,-19.6851,40.7589,152.114,19.6851,9.65353e-06,144.544,-19.6851,1.18894e-05,157.48,19.6851,9.65353e-06,144.544,-19.6851,-37.4108,139.619,-19.6851,-40.7589,152.114,19.6851,-37.4108,139.619,-19.6851,-72.2721,125.179,-19.6851,-78.7401,136.382,19.6851,-40.7589,152.114,19.6851,-102.208,102.208,-19.6851,-111.355,111.355,19.6851,-125.179,72.2721,-19.6851,-136.382,78.7402,19.6851,-139.619,37.4108,-19.6851,-152.114,40.759,19.6851,-144.544,5.65617e-05,-19.6851,-157.48,6.13251e-05,19.6851,-139.619,-37.4107,-19.6851,-152.114,-40.7588,19.6851,-125.179,-72.272,-19.6851,-136.382,-78.7401,19.6851,-102.208,-102.208,-19.6851,-111.355,-111.355,19.6851,-72.2721,-125.179,-19.6851,-78.7402,-136.382,19.6851,-37.4109,-139.619,-19.6851,-40.759,-152.114,19.6851,-6.83539e-05,-144.544,-19.6851,-7.32145e-05,-157.48,19.6851,37.4107,-139.619,-19.6851,40.7588,-152.114,19.6851,72.272,-125.179,-19.6851,78.7401,-136.382,19.6851,102.208,-102.208,-19.6851,111.355,-111.355,19.6851,125.179,-72.2722,-19.6851,136.382,-78.7402,19.6851,139.619,-37.4109,-19.6851,152.114,-40.759,19.6851,127.124,-34.0628,-19.6851,113.976,-65.8041,-19.6851,102.773,-59.3361,19.6851,114.628,-30.7147,19.6851,113.976,-65.8041,-19.6851,93.0609,-93.0611,-19.6851,83.9137,-83.9138,19.6851,93.0609,-93.0611,-19.6851,65.804,-113.976,-19.6851,59.336,-102.773,19.6851,65.804,-113.976,-19.6851,34.0626,-127.124,-19.6851,30.7145,-114.628,19.6851,34.0626,-127.124,-19.6851,-6.34932e-05,-131.608,-19.6851,-5.86326e-05,-118.672,19.6851,-6.34932e-05,-131.608,-19.6851,-34.0627,-127.124,-19.6851,-30.7146,-114.628,19.6851,-34.0627,-127.124,-19.6851,-65.8041,-113.976,-19.6851,-59.336,-102.773,19.6851,-65.8041,-113.976,-19.6851,-93.061,-93.0609,-19.6851,-83.9138,-83.9137,19.6851,-93.061,-93.0609,-19.6851,-113.976,-65.804,-19.6851,-102.773,-59.336,19.6851,-113.976,-65.804,-19.6851,-127.124,-34.0626,-19.6851,-114.628,-30.7145,19.6851,-127.124,-34.0626,-19.6851,-131.608,5.17982e-05,-19.6851,-118.672,4.70348e-05,19.6851,-131.608,5.17982e-05,-19.6851,-127.124,34.0627,-19.6851,-114.628,30.7146,19.6851,-127.124,34.0627,-19.6851,-113.976,65.8041,-19.6851,-102.773,59.336,19.6851,-113.976,65.8041,-19.6851,-93.061,93.061,-19.6851,-83.9137,83.9138,19.6851,-93.061,93.061,-19.6851,-65.804,113.976,-19.6851,-59.336,102.773,19.6851,-65.804,113.976,-19.6851,-34.0627,127.124,-19.6851,-30.7146,114.628,19.6851,-34.0627,127.124,-19.6851,7.41763e-06,131.608,-19.6851,4.89009e-06,118.672,19.6851,7.41763e-06,131.608,-19.6851,34.0627,127.124,-19.6851,30.7146,114.628,19.6851,34.0627,127.124,-19.6851,65.804,113.976,-19.6851,59.336,102.773,19.6851,65.804,113.976,-19.6851,93.061,93.061,-19.6851,83.9138,83.9138,19.6851,93.061,93.061,-19.6851,113.976,65.8041,-19.6851,102.773,59.336,19.6851,113.976,65.8041,-19.6851,127.124,34.0627,-19.6851,114.628,30.7146,19.6851,127.124,34.0627,-19.6851,131.608,4.86066e-06,-19.6851,118.672,7.29099e-06,19.6851,131.608,4.86066e-06,-19.6851,127.124,-34.0628,-19.6851]},"normal":{"type":"float32","components":3,"data":[0.95003,-1.30459e-07,-0.312158,0.917659,0.245886,-0.312158,0.917659,0.245886,-0.312158,0.95003,-1.42317e-07,-0.312158,0.82275,0.475015,-0.312158,0.82275,0.475015,-0.312158,0.671773,0.671773,-0.312158,0.671773,0.671773,-0.312158,0.475015,0.82275,-0.312158,0.475015,0.82275,-0.312158,0.245886,0.917659,-0.312158,0.245886,0.917659,-0.312158,2.16655e-07,0.95003,-0.312158,2.01206e-07,0.95003,-0.312158,2.16655e-07,0.95003,-0.312158,-0.245886,0.917659,-0.312158,-0.245886,0.917659,-0.312158,-0.245886,0.917659,-0.312158,-0.475015,0.82275,-0.312158,-0.475015,0.82275,-0.312158,-0.245886,0.917659,-0.312158,-0.671773,0.671773,-0.312158,-0.671773,0.671773,-0.312158,-0.82275,0.475015,-0.312158,-0.82275,0.475015,-0.312158,-0.917659,0.245886,-0.312158,-0.917659,0.245886,-0.312158,-0.95003,3.23818e-07,-0.312158,-0.95003,3.14078e-07,-0.312158,-0.917659,-0.245885,-0.312158,-0.917659,-0.245886,-0.312158,-0.822751,-0.475015,-0.312158,-0.822751,-0.475015,-0.312158,-0.671773,-0.671773,-0.312158,-0.671773,-0.671772,-0.312158,-0.475015,-0.82275,-0.312158,-0.475015,-0.82275,-0.312158,-0.245886,-0.917659,-0.312158,-0.245886,-0.917659,-0.312158,-3.28477e-07,-0.95003,-0.312158,-3.14078e-07,-0.95003,-0.312158,0.245885,-0.917659,-0.312158,0.245885,-0.917659,-0.312158,0.475015,-0.822751,-0.312158,0.475015,-0.822751,-0.312158,0.671772,-0.671773,-0.312158,0.671772,-0.671773,-0.312158,0.82275,-0.475016,-0.312158,0.82275,-0.475016,-0.312158,0.917659,-0.245886,-0.312158,0.917659,-0.245886,-0.312158,-0.917659,0.245886,-0.312158,-0.82275,0.475016,-0.312158,-0.82275,0.475016,-0.312158,-0.917659,0.245886,-0.312158,-0.82275,0.475016,-0.312158,-0.671772,0.671773,-0.312158,-0.671772,0.671773,-0.312158,-0.671772,0.671773,-0.312158,-0.475014,0.822751,-0.312158,-0.475014,0.822751,-0.312158,-0.475014,0.822751,-0.312158,-0.245885,0.917659,-0.312158,-0.245885,0.917659,-0.312158,-0.245885,0.917659,-0.312158,2.99356e-07,0.95003,-0.312158,2.42281e-07,0.95003,-0.312158,2.99356e-07,0.95003,-0.312158,0.245886,0.917659,-0.312158,0.245886,0.917659,-0.312158,0.245886,0.917659,-0.312158,0.475016,0.82275,-0.312158,0.475016,0.82275,-0.312158,0.475016,0.82275,-0.312158,0.671773,0.671772,-0.312158,0.671773,0.671773,-0.312158,0.671773,0.671772,-0.312158,0.822751,0.475015,-0.312158,0.822751,0.475015,-0.312158,0.822751,0.475015,-0.312158,0.917659,0.245886,-0.312158,0.917659,0.245885,-0.312158,0.917659,0.245886,-0.312158,0.95003,-2.87087e-07,-0.312158,0.95003,-2.98192e-07,-0.312158,0.95003,-2.87087e-07,-0.312158,0.917659,-0.245886,-0.312158,0.917659,-0.245886,-0.312158,0.917659,-0.245886,-0.312158,0.82275,-0.475015,-0.312158,0.82275,-0.475015,-0.312158,0.82275,-0.475015,-0.312158,0.671773,-0.671773,-0.312158,0.671773,-0.671773,-0.312158,0.671773,-0.671773,-0.312158,0.475015,-0.82275,-0.312158,0.475015,-0.82275,-0.312158,0.475015,-0.82275,-0.312158,0.245886,-0.917659,-0.312158,0.245886,-0.917659,-0.312158,0.245886,-0.917659,-0.312158,5.88897e-08,-0.95003,-0.312158,8.85258e-08,-0.95003,-0.312158,5.88897e-08,-0.95003,-0.312158,-0.245886,-0.917659,-0.312158,-0.245886,-0.917659,-0.312158,-0.245886,-0.917659,-0.312158,-0.475015,-0.82275,-0.312158,-0.475015,-0.82275,-0.312158,-0.475015,-0.82275,-0.312158,-0.671773,-0.671773,-0.312158,-0.671773,-0.671773,-0.312158,-0.671773,-0.671773,-0.312158,-0.82275,-0.475015,-0.312158,-0.82275,-0.475015,-0.312158,-0.82275,-0.475015,-0.312158,-0.917659,-0.245886,-0.312158,-0.917659,-0.245886,-0.312158,-0.917659,-0.245886,-0.312158,-0.95003,1.86484e-07,-0.312158,-0.95003,1.16481e-07,-0.312158,-0.95003,1.86484e-07,-0.312158,-0.917659,0.245886,-0.312158]},"texCoord0":{"type":"float32","components":2,