{"0":0.07491555064916611,"1":0.18119561672210693,"2":0.4691109359264374,"3":0.0027615358121693134,"4":-0.002804528223350644,"5":-0.010912136174738407,"6":0.022517221048474312,"7":0.03883987292647362,"8":0.039032820612192154,"9":-0.049696631729602814,"10":-0.05841746926307678,"11":-0.17932942509651184,"12":0.0001748415088513866,"13":-0.008762383833527565,"14":-0.02473306655883789,"15":-0.02910545840859413,"16":-0.024855144321918488,"17":-0.07164859026670456,"18":-0.00035295376437716186,"19":-0.003349991049617529,"20":-0.01595541276037693,"21":0.007848029024899006,"22":0.020491905510425568,"23":0.040607351809740067,"24":-0.002482448238879442,"25":0.0022234937641769648,"26":0.027938509359955788}