{"0":0.07544392347335815,"1":0.17959512770175934,"2":0.46180814504623413,"3":0.005206418223679066,"4":-0.0037066065706312656,"5":-0.020694011822342873,"6":0.02025674097239971,"7":0.03482392057776451,"8":0.03387955576181412,"9":0.04795205220580101,"10":0.056460268795490265,"11":0.17446309328079224,"12":-0.002431685570627451,"13":0.007558515761047602,"14":0.015128660947084427,"15":0.028219113126397133,"16":0.02426457777619362,"17":0.06623228639364243,"18":-0.00047897445620037615,"19":-0.003712873440235853,"20":-0.012924539856612682,"21":0.00723480386659503,"22":0.018974849954247475,"23":0.03728555887937546,"24":-0.00008184971375158057,"25":0.0059893811121582985,"26":0.03438720107078552}